customer_id,customer_unique_id,customer_zip_code_prefix,customer_city,customer_state
a166da34890074091a942054b36e4265,451e48381edab7f1f6dbfa6d728616ff,89070,blumenau,SC
31ad1d1b63eb9962463f764d4e6e0c9d,299905e3934e9e181bfb2e164dd4b4f8,18075,sorocaba,SP
7711cf624183d843aafe81855097bc37,782987b81c92239d922aa49d6bd4200b,04278,sao paulo,SP
72ae281627a6102d9b3718528b420f8a,b8df986511d928829c3192c2ed081eba,03323,sao paulo,SP
12fd2740039676063a874b9567dfa651,372e0fc66eacb8698e4f9997d366d961,12230,sao jose dos campos,SP
19402a48fe860416adf93348aba37740,e2dfa3127fedbbca9707b36304996dab,04812,sao paulo,SP
41ce2a54c0b03bf3443c3d931a367089,3a653a41f6f9fc3d2a113cf8398680e8,75265,vianopolis,GO
7f8c8b9c2ae27bf3300f670c3d478be8,634f09f6075fe9032e6c19609ffe995a,44024,feira de santana,BA
569cf68214806a39acc0f39344aea67f,c2551ea089b7ebbc67a2ea8757152514,44380,cruz das almas,BA
d3e3b74c766bc6214e0c830b17ee2341,e97109680b052ee858d93a539597bba7,35400,ouro preto,MG
d2b091571da224a1b36412c18bc3bbfe,d699688533772c15a061e8ce81cb56df,04001,sao paulo,SP
3b6828a50ffe546942b7a473d70ac0fc,ccafc1c3f270410521c3c6f3b249870f,74820,goiania,GO
4f28355e5c17a4a42d3ce2439a1d4501,4acce2834231e13b1514915adda5ec2b,21910,rio de janeiro,RJ
3187789bec990987628d7a9beb4dd6ac,6087cfc70fd833cf2db637a5e6e9d76b,88780,imbituba,SC
4fa1cd166fa598be6de80fa84eaade43,68954feaafe4dd638f3bd3e2afa174ec,08473,sao paulo,SP
cf8ffeddf027932e51e4eae73b384059,6cbe8a392b76916e84c2faf69d0d0da0,13454,santa barbara d'oeste,SP
8b212b9525f9e74e85e37ed6df37693e,f4a7ef6bd931f83d75d83b71c94e90df,13568,sao carlos,SP
3df704f53d3f1d4818840b34ec672a9f,04cf8185c71090d28baa4407b2e6d600,05271,sao paulo,SP
caded193e8e47b8362864762a83db3c5,08fb46d35bb3ab4037202c23592d1259,13215,jundiai,SP
62b423aab58096ca514ba6aa06be2f98,9c9242ad7f1b52d926ea76778e1c0c57,18052,sorocaba,SP
494dded5b201313c64ed7f100595b95c,f2a85dec752b8517b5e58a06ff3cd937,20780,rio de janeiro,RJ
761df82feda9778854c6dafdaeb567e4,1428917cd397d4f9ac0fde76dd6f2266,69317,boa vista,RR
f5458ddc3545711efa883dd7ae7c4497,661a5e18a28b34880ccc60112f2b8e8e,62360,ibiapina,CE
295ae9b35379e077273387ff64354b6f,f1f4f45c8602d0db1329eed1c8e935d4,19780,quata,SP
3a874b4d4c4b6543206ff5d89287f0c3,a25d5f94840d3c6a1a49f271ed83f4ec,21715,rio de janeiro,RJ
f54a9f0e6b351c431402b8461ea51999,39382392765b6dc74812866ee5ee92a7,99655,faxinalzinho,RS
456dc10730fbdba34615447ea195d643,1974875b4a1d2e2ee6d586e3ba4d7602,05634,sao paulo,SP
8644be24d48806bc3a88fd59fb47ceb1,4ca5f90433afb5493247f0bafb583483,73350,brasilia,DF
3391c4bc11a817e7973e498b0b023158,1b542f810484d8c042aed33a7c61a218,04561,sao paulo,SP
d9ef95f98d8da3b492bb8c0447910498,a2649503b92028291f011a976619b322,26572,mesquita,RJ
059f7fc5719c7da6cbafe370971a8d70,d0ff1a7468fcc46b8fc658ab35d2a12c,13186,hortolandia,SP
ddaff536587109b89777e0353215e150,c796780c7daeab9e94cc052b1f103b21,26600,paracambi,RJ
2b56e94c2f66f2d97cfa63356f69cee8,cc1a30280651daf2d918ed7868575771,95270,flores da cunha,RS
5f16605299d698660e0606f7eae2d2f9,92fd8aa5948e20c43a014c44c025c5e1,77480,alvorada,TO
f88197465ea7920adcdbec7375364d82,7c142cf63193a1473d2e66489a9ae977,59296,sao goncalo do amarante,RN
8ab97904e6daea8866dbdbc4fb7aad2c,72632f0f9dd73dfee390c9b22eb56dd6,09195,santo andre,SP
c7340080e394356141681bd4c9b8fe31,3e4fd73f1e86b135b9b121d6abbe9597,19400,presidente venceslau,SP
503740e9ca751ccdda7ba28e9ab8f608,80bb27c7c16e8f973207a5086ab329e2,86320,congonhinhas,PR
816f8653d5361cbf94e58c33f2502a5c,37363700139c1aef873bbcd916e57dfd,05778,sao paulo,SP
9ef432eb6251297304e76186b10a928d,7c396fd4830fd04220f754e42b4e5bff,03149,sao paulo,SP
52142aa69d8d0e1247ab0cada0f76023,a6fefcd9f434474cf6fcd8ed1102fd63,55540,palmares,PE
ed0271e0b7da060a393796590e7b737a,36edbb3fb164b1f16485364b6fb04c73,98900,santa rosa,RS
b0830fb4747a6c6d20dea0b8c802d7ef,af07308b275d755c9edb36a90c618231,47813,barreiras,BA
756fb9391752dad934e0fe3733378e57,394b2ce444baae9ae609f5d32000de0f,47850,luis eduardo magalhaes,BA
7e20bf5ca92da68200643bda76c504c6,576ea0cab426cd8a00fad9a9c90a4494,41213,salvador,BA
2a1dfb647f32f4390e7b857c67458536,5f7d7732b351ce851a158528581af05f,54330,jaboatao dos guararapes,PE
cce89a605105b148387c52e286ac8335,bd13608b9c6033892ce62269b50a0afc,09182,santo andre,SP
738b086814c6fcc74b8cc583f8516ee3,6e26bbeaa107ec34112c64e1ee31c0f5,21381,rio de janeiro,RJ
9bdf08b4b3b52b5526ff42d37d47f222,932afa1e708222e5821dac9cd5db4cae,26525,nilopolis,RJ
7f2178c5d771e17f507d3c1637339298,12e7a2c201751ddc979e7a45cef500f3,01038,sao paulo,SP
