order_id,payment_sequential,payment_type,payment_installments,payment_value
76c6e866289321a7c93b82b54852dc33,1,boleto,1,35.95
53cdb2fc8bc7dce0b6741e2150273451,1,boleto,1,141.46
e481f51cbdc54678b7cc49136f2d6af7,1,credit_card,1,18.12
47770eb9100c2d0c44946d9cf07ec65d,1,credit_card,3,179.12
6514b8ad8028c9f2cc2374ded245783f,1,credit_card,3,75.16
ecab90c9933c58908d3d6add7c6f5ae3,1,credit_card,3,63.34
948097deef559c742e7ce321e5e58919,1,credit_card,9,95.67
f70a0aff17df5a6cdd9a7196128bd354,1,boleto,1,313.19
e69bfb5eb88e0ed6a785585b27e16dbf,2,voucher,1,161.42
dcb36b511fcac050b97cd5c05de84dc3,1,credit_card,10,146.45
1e7aff52cdbb2451ace09d0f848c3699,1,credit_card,4,154.19
d22e9fa5731b9e30e8b27afcdc2f8563,1,debit_card,1,121.62
403b97836b0c04a622354cf531062e5f,1,credit_card,10,1376.45
e6ce16cb79ec1d90b1da9085a6118aeb,1,credit_card,1,259.06
949d5b44dbf5de918fe9c16f97b45f8a,1,credit_card,1,72.2
83018ec114eee8641c97e08f7b4e926f,2,voucher,1,62.15
5acce57f8d9dfd55fa48e212a641a69d,1,boleto,1,43.0
a4591c265e18cb1dcee52889e2d8acc3,1,credit_card,6,175.26
989225ba6d0ebd5873335f7e01de2ae7,1,credit_card,1,63.1
95266dbfb7e20354baba07964dac78d5,1,credit_card,3,187.57
83018ec114eee8641c97e08f7b4e926f,3,voucher,1,24.86
f3e7c359154d965827355f39d6b1fdac,1,boleto,1,104.11
7206b86ea789983f7a273ea7fa0bc2a8,1,credit_card,4,49.69
b276e4f8c0fb86bd82fce576f21713e0,1,credit_card,2,188.41
e481f51cbdc54678b7cc49136f2d6af7,3,voucher,1,2.0
fbf9ac61453ac646ce8ad9783d7d0af6,1,boleto,1,125.43
2807d0e504d6d4894d41672727bc139f,1,credit_card,1,17.28
434d158e96bdd6972ad6e6d73ddcfd22,1,boleto,1,508.17
ee64d42b8cf066f35eac1cf57de1aa85,1,boleto,1,22.36
8563039e855156e48fccee4d611a3196,1,credit_card,4,106.95
e69bfb5eb88e0ed6a785585b27e16dbf,1,credit_card,1,8.34
1790eea0b567cf50911c057cf20f90f9,1,credit_card,4,224.9
432aaf21d85167c2c86ec9448c4e42cc,1,credit_card,1,54.36
91b2a010e1e45e6ba3d133fa997597be,1,credit_card,8,192.68
34513ce0c4fab462a55830c0989c7edb,1,credit_card,1,114.13
d17dc4a904426827ca80f2ccb3a6be56,1,credit_card,1,54.82
203096f03d82e0dffbc41ebc2e2bcfb7,1,boleto,1,118.86
60550084e6b4c0cb89a87df1f3e5ebd9,1,boleto,1,66.79
5ff96c15d0b717ac6ad1f3d77225a350,1,credit_card,3,32.7
136cce7faa42fdb2cefd53fdc79a6098,1,credit_card,1,65.95
ad21c59c0840e6cb83a9ceb5573f8159,1,credit_card,1,28.62
f848643eec1d69395095eb3840d2051e,1,credit_card,4,88.9
acce194856392f074dbf9dada14d8d82,1,credit_card,10,227.68
2ce1ad82022c1ba30c2079502ac725aa,1,boleto,1,130.56
e481f51cbdc54678b7cc49136f2d6af7,2,voucher,1,18.59
85ce859fd6dc634de8d2f1e290444043,1,credit_card,1,29.75
83018ec114eee8641c97e08f7b4e926f,1,credit_card,1,5.96
5820a1100976432c7968a52da59e9364,1,credit_card,1,52.24
6ebaec694d7025e2ad4a05dba887c032,1,credit_card,7,153.72
dd78f560c270f1909639c11b925620ea,1,credit_card,2,60.69
116f0b09343b49556bbad5f35bee0cdf,1,credit_card,4,43.09
6ea2f835b4556291ffdc53fa0b3b95e8,1,credit_card,10,356.12
82566a660a982b15fb86e904c8d32918,1,boleto,1,50.13
25f4376934e13d3508486352e11a5db0,1,credit_card,5,82.33
d887b52c6516beb39e8cd44a5f8b60f7,1,credit_card,1,100.25
