order_id,order_item_id,product_id,seller_id,shipping_limit_date,price,freight_value
116f0b09343b49556bbad5f35bee0cdf,1,a47295965bd091207681b541b26e40a5,ea8482cd71df3c1969d7b9473ff13abc,2018-01-02 23:50:22,27.99,15.1
136cce7faa42fdb2cefd53fdc79a6098,1,a1804276d9941ac0733cfd409f5206eb,dc8798cbf453b7e0f98745e396cc5616,2017-04-19 13:25:17,49.9,16.05
1790eea0b567cf50911c057cf20f90f9,1,2d8f2be4f08788ee3bf5356af2b2ee6c,d91fb3b7d041e83b64a00a3edfb37e4f,2018-04-22 22:10:26,186.9,38.0
1e7aff52cdbb2451ace09d0f848c3699,1,8c591ab0ca519558779df02023177f44,a1043bafd471dff536d0c462352beb48,2017-05-25 19:05:17,119.99,34.2
203096f03d82e0dffbc41ebc2e2bcfb7,1,5ac9d9e379c606e36a8094a6046f75dc,633ecdf879b94b5337cca303328e4a25,2017-09-25 04:04:09,109.9,8.96
25f4376934e13d3508486352e11a5db0,1,aca2eb7d00ea1a7b8ebd4e68314663af,955fee9216a65b617aa5c0531780ce60,2018-05-22 01:17:39,69.9,12.43
2807d0e504d6d4894d41672727bc139f,1,6893767814d1ac82a81bcd365e1cc918,8b321bb669392f5163d04c59e235e066,2018-02-08 20:50:22,9.5,7.78
2ce1ad82022c1ba30c2079502ac725aa,1,f35927953ed82e19d06ad3aac2f06353,669ae81880e08f269a64487cfb287169,2017-08-17 04:15:29,115.0,15.56
34513ce0c4fab462a55830c0989c7edb,1,f7e0fa615b386bc9a8b9eb52bc1fff76,87142160b41353c4e5fca2360caf6f92,2017-07-19 20:10:08,98.0,16.13
403b97836b0c04a622354cf531062e5f,1,638bbb2a5e4f360b71f332ddfebfd672,c4af86330efa7a2620772227d2d670c9,2018-01-12 19:09:04,1299.0,77.45
432aaf21d85167c2c86ec9448c4e42cc,1,72d3bf1d3a790f8874096fcf860e3eff,0bae85eb84b9fb3bd773911e89288d54,2018-03-07 15:10:47,38.25,16.11
434d158e96bdd6972ad6e6d73ddcfd22,1,c7df652246ed7b3300aaf46960c141e4,a5cba26a62b8b4d0145b68b841e62e7f,2018-06-13 03:35:15,445.0,63.17
47770eb9100c2d0c44946d9cf07ec65d,1,aa4383b373c6aca5d8797843e5594415,4869f7a5dfa277a7dca6462dcf3b52b2,2018-08-13 08:55:23,159.9,19.22
53cdb2fc8bc7dce0b6741e2150273451,1,595fac2a385ac33a80bd5114aec74eb8,289cdb325fb7e7f891c38608bf9e0962,2018-07-30 03:24:27,118.7,22.76
5820a1100976432c7968a52da59e9364,1,1deda1acffb44ed38494667d7e49a9f3,f52c2422904463fdd7741f99045fecb6,2018-07-31 11:44:19,33.9,18.34
5acce57f8d9dfd55fa48e212a641a69d,1,0cd9f302c8a5b076ffa5c3567c6705fd,85d9eb9ddc5d00ca9336a2219c97bb13,2017-08-08 02:56:02,27.9,15.1
5ff96c15d0b717ac6ad1f3d77225a350,1,10adb53d8faa890ca7c2f0cbcb68d777,1900267e848ceeba8fa32d80c1a5f5a8,2018-07-27 17:55:14,19.9,12.8
60550084e6b4c0cb89a87df1f3e5ebd9,1,9b37a918bcf2c8e1064e867cf1df4637,f27e33c6d29b5138fa9967bcd445b6d5,2018-03-01 02:10:52,39.9,26.89
6514b8ad8028c9f2cc2374ded245783f,1,4520766ec412348b8d4caa5e8a18c464,16090f2ca825584b5a147ab24aa30c86,2017-05-22 13:22:11,59.99,15.17
6ea2f835b4556291ffdc53fa0b3b95e8,1,be021417a6acb56b9b50d3fd2714baa8,f5f46307a4d15880ca14fab4ad9dfc9b,2017-11-30 00:21:09,339.0,17.12
6ebaec694d7025e2ad4a05dba887c032,1,e251ebd2858be1aa7d9b2087a6992580,001cca7ae9ae17fb1caed9dfb1094831,2017-05-24 14:05:17,139.0,14.72
7206b86ea789983f7a273ea7fa0bc2a8,1,9a469eaf45dfbc43d39ba1977a3c07af,d2374cbcbb3ca4ab1086534108cc3ab7,2018-03-30 17:27:57,36.9,12.79
76c6e866289321a7c93b82b54852dc33,1,ac1789e492dcd698c5c10b97a671243a,63b9ae557efed31d1f7687917d248a8d,2017-01-27 18:29:09,19.9,16.05
82566a660a982b15fb86e904c8d32918,1,72a97c271b2e429974398f46b93ae530,094ced053e257ae8cae57205592d6712,2018-06-18 03:13:12,31.9,18.23
83018ec114eee8641c97e08f7b4e926f,1,c35498fbb4358837ae16850f50c3fd22,70a12e78e608ac31179aea7f8422044b,2017-11-01 16:07:35,76.0,16.97
8563039e855156e48fccee4d611a3196,1,bff2010b28e8fbcff5a9db9d3fea5ac4,955fee9216a65b617aa5c0531780ce60,2018-02-22 15:15:34,78.0,28.95
85ce859fd6dc634de8d2f1e290444043,1,cce679660c66e6fbd5c8091dfd29e9cd,d2374cbcbb3ca4ab1086534108cc3ab7,2017-11-29 00:14:22,17.9,11.85
91b2a010e1e45e6ba3d133fa997597be,1,ba74c6b75d2ad7503175809688d5a03c,7d13fca15225358621be4086e1eb0964,2018-05-09 12:55:01,178.99,13.69
948097deef559c742e7ce321e5e58919,1,cd935d283d47f1050c505e1c39c48b67,a3a38f4affed601eb87a97788c949667,2017-08-10 17:25:11,69.9,25.77
949d5b44dbf5de918fe9c16f97b45f8a,1,d0b61bfb1de832b15ba9d266ca96e5b0,66922902710d126a0e7d26b0e3805106,2017-11-23 19:45:59,45.0,27.2
95266dbfb7e20354baba07964dac78d5,1,bb7181410b4e02f93f3697f765db53c7,855668e0971d4dfd7bef1b6a4133b41b,2018-01-26 08:07:31,129.99,57.58
989225ba6d0ebd5873335f7e01de2ae7,1,6b64362e89896be7589621df54be089e,77530e9772f57a62c906e1c21538ab82,2017-12-20 13:54:13,49.0,14.1
a4591c265e18cb1dcee52889e2d8acc3,1,060cb19345d90064d1015407193c233d,8581055ce74af1daba164fdbd55a40de,2017-07-13 22:10:13,147.9,27.36
acce194856392f074dbf9dada14d8d82,1,d70f38e7f79c630f8ea00c993897042c,977f9f63dd360c2a32ece2f93ad6d306,2018-06-13 00:35:10,90.9,48.64
acce194856392f074dbf9dada14d8d82,2,9451e630d725c4bb7a5a206b48b99486,d673a59aac7a70d8b01e6902bf090a11,2018-06-13 00:35:10,39.5,48.64
ad21c59c0840e6cb83a9ceb5573f8159,1,65266b2da20d04dbe00c5c2d3bb7859e,2c9e548be18521d1c43cde1c582c6de8,2018-02-19 20:31:37,19.9,8.72
b276e4f8c0fb86bd82fce576f21713e0,1,c6c1f263e076bd9c1f1640250a5d0c29,fe2032dab1a61af8794248c8196565c9,2018-08-02 23:45:15,179.0,9.41
d17dc4a904426827ca80f2ccb3a6be56,1,ba4bfbf74dbe7ab37e263b9326da0523,f8db351d8c4c4c22c6835c19a46f01b0,2017-05-18 20:42:45,36.9,17.92
d22e9fa5731b9e30e8b27afcdc2f8563,1,f410090aec61f7c73748ca894286edcd,980640c45d7a4635885491d077167e4d,2018-08-07 23:35:13,99.0,22.62
d887b52c6516beb39e8cd44a5f8b60f7,1,39a9942865c056ed2006a5e8c11d9537,ba5daa4041e1f15cdf34b76e3e18a450,2018-02-08 12:50:30,84.9,15.35
dcb36b511fcac050b97cd5c05de84dc3,1,009c09f439988bc06a93d6b8186dce73,89a51f50b8095ea78d5768f34c13a76f,2018-06-18 18:59:02,132.4,14.05
dd78f560c270f1909639c11b925620ea,1,00baba5b58e274d0332a0c8a0a66f877,d3f39f05462b79a4562d35893a28f159,2018-03-16 02:30:56,47.9,12.79
e481f51cbdc54678b7cc49136f2d6af7,1,87285b34884572647811a353c7ac498a,3504c0cb71d7fa48d967e0e4c94d59d9,2017-10-06 11:07:15,29.99,8.72
e69bfb5eb88e0ed6a785585b27e16dbf,1,9a78fb9862b10749a117f7fc3c31f051,7c67e1448b00f6e969d365cea6b010ab,2017-08-11 12:05:32,149.99,19.77
e6ce16cb79ec1d90b1da9085a6118aeb,1,08574b074924071f4e201e151b152b4e,001cca7ae9ae17fb1caed9dfb1094831,2017-05-22 19:50:18,99.0,30.53
e6ce16cb79ec1d90b1da9085a6118aeb,2,08574b074924071f4e201e151b152b4e,001cca7ae9ae17fb1caed9dfb1094831,2017-05-22 19:50:18,99.0,30.53
ecab90c9933c58908d3d6add7c6f5ae3,1,c0db539123a403f670c50237d970b215,f7720c4fa8e3aba4546301ab80ea1f1b,2018-03-01 14:28:03,30.1,33.24
ee64d42b8cf066f35eac1cf57de1aa85,1,c50ca07e9e4db9ea5011f06802c0aea0,e9779976487b77c6d4ac45f75ec7afe9,2018-06-13 04:30:33,14.49,7.87
f3e7c359154d965827355f39d6b1fdac,1,e99d69efe684efaa643f99805f7c81bc,55c26bcb609f480eb7868594245febb5,2018-08-14 03:24:51,89.9,14.21
f70a0aff17df5a6cdd9a7196128bd354,1,cafd558df4c3c9d1c338ba6930ea9a62,5dceca129747e92ff8ef7a997dc4f8ca,2017-08-17 02:45:24,279.0,34.19
f848643eec1d69395095eb3840d2051e,1,2b4609f8948be18874494203496bc318,cc419e0650a3c5ba77189a1882b7556a,2018-03-23 09:09:31,79.99,8.91
fbf9ac61453ac646ce8ad9783d7d0af6,1,7b717060aa783eb7f23a747a3a733dd7,c0563dd588b775f2e37747ef6ad6c92c,2018-02-28 02:30:44,109.9,15.53
